{
  "configVersion": 1,
  "timestamp": 1607966300314,
  "index": "/index.html",
  "assetGroups": [
    {
      "name": "app",
      "installMode": "prefetch",
      "updateMode": "prefetch",
      "cacheQueryOptions": {
        "ignoreVary": true
      },
      "urls": [
        "/10-es2015.638d03b981831d2f0f72.js",
        "/10-es5.638d03b981831d2f0f72.js",
        "/11-es2015.2d1c7d3918cee21af685.js",
        "/11-es5.2d1c7d3918cee21af685.js",
        "/12-es2015.bc25089e8113e475b614.js",
        "/12-es5.bc25089e8113e475b614.js",
        "/13-es2015.0896e54f2fc32ef01d4d.js",
        "/13-es5.0896e54f2fc32ef01d4d.js",
        "/14-es2015.3b46efb32baaa4a8f4f0.js",
        "/14-es5.3b46efb32baaa4a8f4f0.js",
        "/15-es2015.5b5e1f16bcc8195a83c1.js",
        "/15-es5.5b5e1f16bcc8195a83c1.js",
        "/16-es2015.e3bbffb2018483f31e7c.js",
        "/16-es5.e3bbffb2018483f31e7c.js",
        "/17-es2015.bca7d7eaa629bf9a9c86.js",
        "/17-es5.bca7d7eaa629bf9a9c86.js",
        "/18-es2015.82f917049df4c4e44669.js",
        "/18-es5.82f917049df4c4e44669.js",
        "/19-es2015.d5eb84c7d0209fd07911.js",
        "/19-es5.d5eb84c7d0209fd07911.js",
        "/2-es2015.05eed7de919f5db013e3.js",
        "/2-es5.05eed7de919f5db013e3.js",
        "/20-es2015.59c8684a96311a8924c3.js",
        "/20-es5.59c8684a96311a8924c3.js",
        "/21-es2015.2a51f4f8e5fd093ea79b.js",
        "/21-es5.2a51f4f8e5fd093ea79b.js",
        "/22-es2015.850dbf375f61263da0a5.js",
        "/22-es5.850dbf375f61263da0a5.js",
        "/23-es2015.228945cf0c7ffedb35ff.js",
        "/23-es5.228945cf0c7ffedb35ff.js",
        "/24-es2015.02f2de43d389aa1e66ba.js",
        "/24-es5.02f2de43d389aa1e66ba.js",
        "/25-es2015.bd7a174b08392a7b2175.js",
        "/25-es5.bd7a174b08392a7b2175.js",
        "/26-es2015.a40353bc85678202501e.js",
        "/26-es5.a40353bc85678202501e.js",
        "/27-es2015.1cf34abdc053b8329a6b.js",
        "/27-es5.1cf34abdc053b8329a6b.js",
        "/28-es2015.699099ead1c6eef3de12.js",
        "/28-es5.699099ead1c6eef3de12.js",
        "/29-es2015.ffda2b07fdf954a8eae5.js",
        "/29-es5.ffda2b07fdf954a8eae5.js",
        "/30-es2015.74e43cfcb40fd3f24a05.js",
        "/30-es5.74e43cfcb40fd3f24a05.js",
        "/31-es2015.179890e116f88bf4f714.js",
        "/31-es5.179890e116f88bf4f714.js",
        "/32-es2015.836b640320b27b6c66d7.js",
        "/32-es5.836b640320b27b6c66d7.js",
        "/33-es2015.47f0e444b3c0a6ed0513.js",
        "/33-es5.47f0e444b3c0a6ed0513.js",
        "/34-es2015.0d4a4673f5ce3884da98.js",
        "/34-es5.0d4a4673f5ce3884da98.js",
        "/35-es2015.5530327ea4760ab7570c.js",
        "/35-es5.5530327ea4760ab7570c.js",
        "/36-es2015.b9cb9639858143c52f03.js",
        "/36-es5.b9cb9639858143c52f03.js",
        "/37-es2015.e9aee2d50dec58593435.js",
        "/37-es5.e9aee2d50dec58593435.js",
        "/38-es2015.1b2e603ada48f7feb9cc.js",
        "/38-es5.1b2e603ada48f7feb9cc.js",
        "/39-es2015.1fbc0382b7e927e20e82.js",
        "/39-es5.1fbc0382b7e927e20e82.js",
        "/40-es2015.d1dbba6e91d37cef0e6d.js",
        "/40-es5.d1dbba6e91d37cef0e6d.js",
        "/41-es2015.652a6a9c37954cdf478f.js",
        "/41-es5.652a6a9c37954cdf478f.js",
        "/42-es2015.575dfd6ff4779a0ae5e9.js",
        "/42-es5.575dfd6ff4779a0ae5e9.js",
        "/43-es2015.6539c2687685d91d2607.js",
        "/43-es5.6539c2687685d91d2607.js",
        "/44-es2015.a775019b8986b528706d.js",
        "/44-es5.a775019b8986b528706d.js",
        "/45-es2015.2ef276f201427c332909.js",
        "/45-es5.2ef276f201427c332909.js",
        "/46-es2015.b0a5a03c78954420ef53.js",
        "/46-es5.b0a5a03c78954420ef53.js",
        "/47-es2015.6e8de3c6609822a470ce.js",
        "/47-es5.6e8de3c6609822a470ce.js",
        "/48-es2015.6e6e38139994b3fd19ab.js",
        "/48-es5.6e6e38139994b3fd19ab.js",
        "/49-es2015.e61289213e1889399a0a.js",
        "/49-es5.e61289213e1889399a0a.js",
        "/50-es2015.cb88c08e6b0262152200.js",
        "/50-es5.cb88c08e6b0262152200.js",
        "/51-es2015.0aba93d9648593e84815.js",
        "/51-es5.0aba93d9648593e84815.js",
        "/52-es2015.6616a46d4d48c09f56ab.js",
        "/52-es5.6616a46d4d48c09f56ab.js",
        "/53-es2015.44b7f15fd49df098c99b.js",
        "/53-es5.44b7f15fd49df098c99b.js",
        "/54-es2015.7fff1017ccf063da6eef.js",
        "/54-es5.7fff1017ccf063da6eef.js",
        "/55-es2015.05535eb302195b2b8661.js",
        "/55-es5.05535eb302195b2b8661.js",
        "/56-es2015.c5de253468fa85eef715.js",
        "/56-es5.c5de253468fa85eef715.js",
        "/57-es2015.165375fd52211905df8d.js",
        "/57-es5.165375fd52211905df8d.js",
        "/58-es2015.bd972396ace68c35bfb9.js",
        "/58-es5.bd972396ace68c35bfb9.js",
        "/59-es2015.904bd420377bdf9329aa.js",
        "/59-es5.904bd420377bdf9329aa.js",
        "/60-es2015.68bc8ede1f90da11ec06.js",
        "/60-es5.68bc8ede1f90da11ec06.js",
        "/common-es2015.32207e7603ff9baca653.js",
        "/common-es5.32207e7603ff9baca653.js",
        "/index.html",
        "/main-es2015.4886da6e2af3d67b5f2a.js",
        "/main-es5.4886da6e2af3d67b5f2a.js",
        "/manifest.webmanifest",
        "/polyfills-core-js-es2015.22f1882a210e2656646e.js",
        "/polyfills-core-js-es5.22f1882a210e2656646e.js",
        "/polyfills-css-shim-es2015.6080971bd52ca0a302a8.js",
        "/polyfills-css-shim-es5.6080971bd52ca0a302a8.js",
        "/polyfills-dom-es2015.be8f9b43841a5717dc94.js",
        "/polyfills-dom-es5.be8f9b43841a5717dc94.js",
        "/polyfills-es2015.91389ecfa80f1063947d.js",
        "/polyfills-es5.7f04130fb748fb469cc3.js",
        "/runtime-es2015.f59704e2708507404666.js",
        "/runtime-es5.f59704e2708507404666.js",
        "/styles.55979a06f9183b6e9f16.css"
      ],
      "patterns": []
    },
    {
      "name": "assets",
      "installMode": "lazy",
      "updateMode": "prefetch",
      "cacheQueryOptions": {
        "ignoreVary": true
      },
      "urls": [
        "/assets/banners/bannerNavidad.png",
        "/assets/banners/xs-bannerNavidad.jpg",
        "/assets/icon/favicon.png",
        "/assets/icons/icon-128x128.png",
        "/assets/icons/icon-144x144.png",
        "/assets/icons/icon-152x152.png",
        "/assets/icons/icon-192x192.png",
        "/assets/icons/icon-384x384.png",
        "/assets/icons/icon-512x512.png",
        "/assets/icons/icon-72x72.png",
        "/assets/icons/icon-96x96.png",
        "/assets/img/notFound.png",
        "/assets/logos/logo-banco-ripley.svg",
        "/assets/shapes.svg"
      ],
      "patterns": []
    }
  ],
  "dataGroups": [],
  "hashTable": {
    "/10-es2015.638d03b981831d2f0f72.js": "e48e0eca0fa438825c15283b3aa4c635374b0727",
    "/10-es5.638d03b981831d2f0f72.js": "7808bfc3545f56dcff34922d7ded52a94b6633ae",
    "/11-es2015.2d1c7d3918cee21af685.js": "2194da446218a9e55b8b07b8b119d541be8bf86a",
    "/11-es5.2d1c7d3918cee21af685.js": "937abcd52cbfc4d544b68548fe8b19a3bbd69e07",
    "/12-es2015.bc25089e8113e475b614.js": "53c32b2ecade8bf6bcd12522d647f71c6265947b",
    "/12-es5.bc25089e8113e475b614.js": "6f1060e01b489c4f731f15ce93c3247134e6c93d",
    "/13-es2015.0896e54f2fc32ef01d4d.js": "f1effe86ba691a4d26dc7ac1da5129806369d2b2",
    "/13-es5.0896e54f2fc32ef01d4d.js": "213a9b097878eba3f0a19f64fc6f7ab2d4bf2d40",
    "/14-es2015.3b46efb32baaa4a8f4f0.js": "bbdcc22eb3f8de0dcc849fae1ea414ed3b223464",
    "/14-es5.3b46efb32baaa4a8f4f0.js": "e17cd15c2ea1a8d7a576acc8637d474f3c303ed4",
    "/15-es2015.5b5e1f16bcc8195a83c1.js": "c42b7b9db419d5b4677a23f1ea7c6f6502c48308",
    "/15-es5.5b5e1f16bcc8195a83c1.js": "c3a2fe65d358b0ec5a551331c970cebb0c2de479",
    "/16-es2015.e3bbffb2018483f31e7c.js": "72520f953bf3d5a2c8ed604e8186bbb9c1799522",
    "/16-es5.e3bbffb2018483f31e7c.js": "8b9fb2a5a8daa54596c934fc42ae3b8c30070559",
    "/17-es2015.bca7d7eaa629bf9a9c86.js": "efb7b052c115411e389cab86379df99594196c82",
    "/17-es5.bca7d7eaa629bf9a9c86.js": "494f02da84b24f1444c711acd901a7cf2cbd2bb3",
    "/18-es2015.82f917049df4c4e44669.js": "9fa4a2ffea56c48398f086f0f8e6a13da9bb4f99",
    "/18-es5.82f917049df4c4e44669.js": "c49da849648e3d8d4f75ace9346b2e641c8d27e2",
    "/19-es2015.d5eb84c7d0209fd07911.js": "e5e144159b2b36675bd3bfe64bf20cb0431def67",
    "/19-es5.d5eb84c7d0209fd07911.js": "4fa5d19635708985b89987c2349f98f0658714c5",
    "/2-es2015.05eed7de919f5db013e3.js": "ab98f0621746f6bbb0d3a119ccce44a7d51eaa2b",
    "/2-es5.05eed7de919f5db013e3.js": "7bcd4e0f83b7c0c79bde2b39cda4ade5e6b03f02",
    "/20-es2015.59c8684a96311a8924c3.js": "a98bb0f54f15fbd6d4613654c82501921d16cba7",
    "/20-es5.59c8684a96311a8924c3.js": "a3803387044dcb679c2538babf51fc9ac33b4f7f",
    "/21-es2015.2a51f4f8e5fd093ea79b.js": "f40ed02d41d0d20e89075229137d32bb667c1a4f",
    "/21-es5.2a51f4f8e5fd093ea79b.js": "b390c4368e4ce7b6b093cc833dd94e3923b834e9",
    "/22-es2015.850dbf375f61263da0a5.js": "4595e3008a1f85346ac5f087aa8b2d62a79ce4e9",
    "/22-es5.850dbf375f61263da0a5.js": "4b9b90ba67614ab6a490c4ea963caa69fae06db0",
    "/23-es2015.228945cf0c7ffedb35ff.js": "78405cf74c683ee1ec0b463f9591495c49f5072c",
    "/23-es5.228945cf0c7ffedb35ff.js": "723b5f6e84903953f90fbc746a68105165e9b69b",
    "/24-es2015.02f2de43d389aa1e66ba.js": "70d7493a1da53a47ed6d60d8aa6614492add2fc8",
    "/24-es5.02f2de43d389aa1e66ba.js": "8a2969dc38f8e85e6139d4b4109aace74e244ce4",
    "/25-es2015.bd7a174b08392a7b2175.js": "9a07e7d740fb1b80e57bd540b121a77761b5828a",
    "/25-es5.bd7a174b08392a7b2175.js": "02dd97af0ef467857b971f6d00ae51c08bb5a9bd",
    "/26-es2015.a40353bc85678202501e.js": "53e37624e2b039c85fd00e3070b90d535b720642",
    "/26-es5.a40353bc85678202501e.js": "f2319978237fdeeccbb174e849de3f92b1321418",
    "/27-es2015.1cf34abdc053b8329a6b.js": "2a6cce18432da7a81e3b728d73dba6d9a0650667",
    "/27-es5.1cf34abdc053b8329a6b.js": "0c6c11061d8bbfecc99dc48e2807e1ae84ba2be6",
    "/28-es2015.699099ead1c6eef3de12.js": "78526b00d5bda5ecf16129813b1fb630ba674612",
    "/28-es5.699099ead1c6eef3de12.js": "b7cb8899d4b2e8097d16050a82d888c39cd15282",
    "/29-es2015.ffda2b07fdf954a8eae5.js": "d2b7da2ce7d5ac76473207dae799e1edf00a2edb",
    "/29-es5.ffda2b07fdf954a8eae5.js": "5fe4c163dbc898a46d9379ae7d980ef452900444",
    "/30-es2015.74e43cfcb40fd3f24a05.js": "d111eb0b39a4ce8f02bfa8e547a7cb1b854e0d53",
    "/30-es5.74e43cfcb40fd3f24a05.js": "1ef14a3a13b9f17b8b8c555e05b16d0300145588",
    "/31-es2015.179890e116f88bf4f714.js": "00921d1bf00fb9918057509cd20c73a507bab61f",
    "/31-es5.179890e116f88bf4f714.js": "3d1def638387d99d30fd7d5e587807216c026bec",
    "/32-es2015.836b640320b27b6c66d7.js": "366f4ca16ba6f017a08e72070ccd2c0f19a02a27",
    "/32-es5.836b640320b27b6c66d7.js": "8701e622828f37f7b00621768505dd41fc25a9de",
    "/33-es2015.47f0e444b3c0a6ed0513.js": "1ba3c6d8aea2f59947652db080b1d3fcc48b8504",
    "/33-es5.47f0e444b3c0a6ed0513.js": "7475c263969a210df774ea13f2987f1f53304c97",
    "/34-es2015.0d4a4673f5ce3884da98.js": "723f143c1e650609367a312a74b346f37a07765b",
    "/34-es5.0d4a4673f5ce3884da98.js": "6f2e219872b21569a869c4d5a5714491dbcf99ec",
    "/35-es2015.5530327ea4760ab7570c.js": "4df4a1bc68898bf1f842045e0e358ba413861118",
    "/35-es5.5530327ea4760ab7570c.js": "34bea8b2549de571bec84ed19f2f3d1e086ff886",
    "/36-es2015.b9cb9639858143c52f03.js": "48b8eb68a9855c0107c4a7d9ef5c1c0cbc44e203",
    "/36-es5.b9cb9639858143c52f03.js": "e629083c8824ef116b79c9634bbd0f0c43d72890",
    "/37-es2015.e9aee2d50dec58593435.js": "d371c89755cb22016cbbba19a0ee9be602669ffb",
    "/37-es5.e9aee2d50dec58593435.js": "7dde4e8e747904b23c6cd005f74a83b4fa941aa6",
    "/38-es2015.1b2e603ada48f7feb9cc.js": "4fd6387515e388c0c175ff63375dc0dcf115639b",
    "/38-es5.1b2e603ada48f7feb9cc.js": "fa68d5361f3cc3eb63f113b8fa12ac3058ff3fe3",
    "/39-es2015.1fbc0382b7e927e20e82.js": "08c72779cbeb819e3979da51f2d338a7d1aad349",
    "/39-es5.1fbc0382b7e927e20e82.js": "3235f1a87893bd3d4e23a93d3432b69b3c1377b2",
    "/40-es2015.d1dbba6e91d37cef0e6d.js": "0a27cf67f5f33736752a66d2ab7254178646ab25",
    "/40-es5.d1dbba6e91d37cef0e6d.js": "7e993b80fd1a83bcf7a9549fffb52a2fa5f77a1d",
    "/41-es2015.652a6a9c37954cdf478f.js": "0b03ba5c482d879ac333a958a9aa497e61d2c61d",
    "/41-es5.652a6a9c37954cdf478f.js": "78e55a95b86dc81b8441af643fd0cf5f1f551c8f",
    "/42-es2015.575dfd6ff4779a0ae5e9.js": "ee3872ead0df51f298e80a25c5529975726f8fce",
    "/42-es5.575dfd6ff4779a0ae5e9.js": "8a1980c6f016f7fddaedef963d599ba8a39399d4",
    "/43-es2015.6539c2687685d91d2607.js": "1bf7f094217b2ded43a3dca15947d61f9ebad9c4",
    "/43-es5.6539c2687685d91d2607.js": "fc2f8cd8d5f94a2c9b90ea22efd510901e3886a9",
    "/44-es2015.a775019b8986b528706d.js": "9a5ec34439141ac455c43efde9c9c5710da10f2b",
    "/44-es5.a775019b8986b528706d.js": "5bc53dc0e6ae801f91bd9f99be84fc6f772ae870",
    "/45-es2015.2ef276f201427c332909.js": "4437d1d5777c59db1a32ceaa3bb636fa3d7379d8",
    "/45-es5.2ef276f201427c332909.js": "6432158c3311bdcdfa02a9cd71a664c617089c80",
    "/46-es2015.b0a5a03c78954420ef53.js": "a251e446702688989d7994df68bb9ac3dafe1813",
    "/46-es5.b0a5a03c78954420ef53.js": "cf751a393cb355db92768a4401e016e45216e8f9",
    "/47-es2015.6e8de3c6609822a470ce.js": "c7fc627a42f1bc41cbeb8075de3e20840b657ec5",
    "/47-es5.6e8de3c6609822a470ce.js": "d2abe3c787a4cee6cb4d437a7fe7e6c30715e4c3",
    "/48-es2015.6e6e38139994b3fd19ab.js": "ab302da623ef209c8f204ac29d55e7d3b2870f8a",
    "/48-es5.6e6e38139994b3fd19ab.js": "68d9f56f92874647c3d29b9720bc6a03a32cad8b",
    "/49-es2015.e61289213e1889399a0a.js": "a1853f8f3aba709ebfdeffe824c75ec4b62557e0",
    "/49-es5.e61289213e1889399a0a.js": "72433e729661ce6822c09dafc7a2fb0d1bfdc813",
    "/50-es2015.cb88c08e6b0262152200.js": "e10fe081791b39622234ed65c10499cbdc339fc0",
    "/50-es5.cb88c08e6b0262152200.js": "63c062c328cfe47cb735dc6ddc5b1567026039fc",
    "/51-es2015.0aba93d9648593e84815.js": "985827dc3a55d6cba3d0fbcc65bad502658880e8",
    "/51-es5.0aba93d9648593e84815.js": "0df0f6db34507e87c9106206b3895d616ffb5718",
    "/52-es2015.6616a46d4d48c09f56ab.js": "dd896d97b4ea694524cc6426b0214e163ed9d23d",
    "/52-es5.6616a46d4d48c09f56ab.js": "a935ebf48840249c362fd09b3b76b921d4e83f34",
    "/53-es2015.44b7f15fd49df098c99b.js": "c164bf8c63a901654df42f6634f50c62eb213caf",
    "/53-es5.44b7f15fd49df098c99b.js": "ec8f96398d483bafff400aa0dc1eca60cc0ceab8",
    "/54-es2015.7fff1017ccf063da6eef.js": "4a811ef47684c8c792297ad5bdf698b8a3a3ecbe",
    "/54-es5.7fff1017ccf063da6eef.js": "9b5510b78375eded13bdae62fabaf8af5b05def3",
    "/55-es2015.05535eb302195b2b8661.js": "ef884bcbc1129044853b8e5c8701fda8433ceba6",
    "/55-es5.05535eb302195b2b8661.js": "6d2772eec566a09631870ec1dc8095944edd0452",
    "/56-es2015.c5de253468fa85eef715.js": "d857d1e7c3665b8dd48ff98907a9aac7a083ec4b",
    "/56-es5.c5de253468fa85eef715.js": "fe75fd7ff59b3ed70fd54adfffab59c7a283d0e3",
    "/57-es2015.165375fd52211905df8d.js": "33cbedb83af31da9022ca2b2e6861ebf73726de6",
    "/57-es5.165375fd52211905df8d.js": "c343fc99bdc3ad8d232edaa90a183463497aa201",
    "/58-es2015.bd972396ace68c35bfb9.js": "8724d31a872d4d2c2a97f404eccb42feaabab199",
    "/58-es5.bd972396ace68c35bfb9.js": "5652a5101dc3a90a7cea3cd61168131c0ae85325",
    "/59-es2015.904bd420377bdf9329aa.js": "bb9f1b251eed245357097d81b8185242234c8600",
    "/59-es5.904bd420377bdf9329aa.js": "5acd6cff25d81625c624ee7d0a5a5bbf1ca7e4ad",
    "/60-es2015.68bc8ede1f90da11ec06.js": "ab5e1c2dd830a221eecc0ca181af869fa6c029b5",
    "/60-es5.68bc8ede1f90da11ec06.js": "0b900727bb1d9fb0dbd849843bc25c822a3ac2fd",
    "/assets/banners/bannerNavidad.png": "ae3524092132b354afcb69e38a3fa747dc985d68",
    "/assets/banners/xs-bannerNavidad.jpg": "037da93ea3f23f308bbde886ea74574f8eb011c3",
    "/assets/icon/favicon.png": "7798b8e0eb61d7375c245af78bbf5c916932bf13",
    "/assets/icons/icon-128x128.png": "dae3b6ed49bdaf4327b92531d4b5b4a5d30c7532",
    "/assets/icons/icon-144x144.png": "b0bd89982e08f9bd2b642928f5391915b74799a7",
    "/assets/icons/icon-152x152.png": "7479a9477815dfd9668d60f8b3b2fba709b91310",
    "/assets/icons/icon-192x192.png": "1abd80d431a237a853ce38147d8c63752f10933b",
    "/assets/icons/icon-384x384.png": "329749cd6393768d3131ed6304c136b1ca05f2fd",
    "/assets/icons/icon-512x512.png": "559d9c4318b45a1f2b10596bbb4c960fe521dbcc",
    "/assets/icons/icon-72x72.png": "c457e56089a36952cd67156f9996bc4ce54a5ed9",
    "/assets/icons/icon-96x96.png": "3914125a4b445bf111c5627875fc190f560daa41",
    "/assets/img/notFound.png": "3544c632756253b20d9ab61219ba56addbc08691",
    "/assets/logos/logo-banco-ripley.svg": "dcba77926c065c1bb35831acfdfca6492b4b52aa",
    "/assets/shapes.svg": "5413e95adabcb2cb639970051f55e0ddb64ace53",
    "/common-es2015.32207e7603ff9baca653.js": "2f2a9e1c4ba95727ec22da6ac5f2c8b6e68ccffb",
    "/common-es5.32207e7603ff9baca653.js": "4f3ec71898590d4259328964232458978f73b5b2",
    "/index.html": "0d2f454ec651f4e41aaf3a6d6b42668c43ded361",
    "/main-es2015.4886da6e2af3d67b5f2a.js": "54bc7a1f58d95b676c216d21e1690bcebdc6e0df",
    "/main-es5.4886da6e2af3d67b5f2a.js": "479e965a43a64181a4fea4eb8fae869c49820b62",
    "/manifest.webmanifest": "9a088b7c4339228d1082e666ce105dc889bc180c",
    "/polyfills-core-js-es2015.22f1882a210e2656646e.js": "f007c630c357ee7eeec2289a6cfc013dbcbe6fe9",
    "/polyfills-core-js-es5.22f1882a210e2656646e.js": "8531ee642b05d9e12e859babeaec61c2b1c1e57a",
    "/polyfills-css-shim-es2015.6080971bd52ca0a302a8.js": "f17d00281d8f60d656e481f44676a8c37c7838b1",
    "/polyfills-css-shim-es5.6080971bd52ca0a302a8.js": "536e7a944ae135d72b535ffa9cfd83891b1d6cab",
    "/polyfills-dom-es2015.be8f9b43841a5717dc94.js": "e8e1deb998b0930ba0a33bcfd116772f27b0ea25",
    "/polyfills-dom-es5.be8f9b43841a5717dc94.js": "e8e1deb998b0930ba0a33bcfd116772f27b0ea25",
    "/polyfills-es2015.91389ecfa80f1063947d.js": "8ea3172d9dfcf79a7dea59945f5c6db8864d21f6",
    "/polyfills-es5.7f04130fb748fb469cc3.js": "a25578164cd3191cc5b39071e25f6be9f62477eb",
    "/runtime-es2015.f59704e2708507404666.js": "c88a8bb87d5e24e589ffa5dbaecd06309d409474",
    "/runtime-es5.f59704e2708507404666.js": "4e965da4d729261cdfa5f36bea4166a807162f45",
    "/styles.55979a06f9183b6e9f16.css": "83d467221db1984f9a293ea5a1a76ed397afdbd4"
  },
  "navigationUrls": [
    {
      "positive": true,
      "regex": "^\\/.*$"
    },
    {
      "positive": false,
      "regex": "^\\/(?:.+\\/)?[^/]*\\.[^/]*$"
    },
    {
      "positive": false,
      "regex": "^\\/(?:.+\\/)?[^/]*__[^/]*$"
    },
    {
      "positive": false,
      "regex": "^\\/(?:.+\\/)?[^/]*__[^/]*\\/.*$"
    }
  ]
}